{"cameraMode":{"drawMode":0,"name":"Shaded","section":"Shading Mode"},"sceneLighting":true,"audioPlay":false,"sceneViewState":{"m_AlwaysRefresh":false,"showFog":true,"showSkybox":true,"showFlares":true,"showImageEffects":true,"showParticleSystems":true,"showVisualEffectGraphs":true,"m_FxEnabled":true},"in2DMode":false,"pivot":{"x":-2.4013876914978029,"y":2.523158073425293,"z":29.890804290771486},"rotation":{"x":-0.08867217600345612,"y":0.021510345861315728,"z":-0.001915342640131712,"w":-0.9958272576332092},"size":38.67866516113281,"orthographic":false}