{"cameraMode":{"drawMode":0,"name":"Shaded","section":"Shading Mode"},"sceneLighting":false,"audioPlay":false,"sceneViewState":{"m_AlwaysRefresh":false,"showFog":true,"showSkybox":false,"showFlares":true,"showImageEffects":true,"showParticleSystems":true,"showVisualEffectGraphs":true,"m_FxEnabled":true},"in2DMode":false,"pivot":{"x":-7.9410295486450199,"y":2.6743993759155275,"z":11.002530097961426},"rotation":{"x":0.1416502594947815,"y":-0.0712086483836174,"z":0.010216481052339077,"w":0.9872995018959045},"size":5.778597354888916,"orthographic":false}