{"cameraMode":{"drawMode":0,"name":"Shaded","section":"Shading Mode"},"sceneLighting":false,"audioPlay":false,"sceneViewState":{"m_AlwaysRefresh":false,"showFog":true,"showSkybox":false,"showFlares":true,"showImageEffects":true,"showParticleSystems":true,"showVisualEffectGraphs":true,"m_FxEnabled":true},"in2DMode":false,"pivot":{"x":14.124696731567383,"y":0.8782311677932739,"z":8.842594146728516},"rotation":{"x":0.032802287489175799,"y":0.48390457034111025,"z":-0.018154960125684739,"w":0.8743176460266113},"size":3.111003875732422,"orthographic":false}